TIME,European Union - 27 countries (from 2020),Belgium,Bulgaria,Czechia,Denmark,Germany,Estonia,Ireland,Greece,Spain,France,Croatia,Italy,Cyprus,Latvia,Lithuania,Luxembourg,Hungary,Malta,Netherlands,Austria,Poland,Portugal,Romania,Slovenia,Slovakia,Finland,Sweden,Iceland,Norway,United Kingdom,Bosnia and Herzegovina,Montenegro,Moldova,North Macedonia,Georgia,Albania,Serbia,Türkiye,Ukraine,Kosovo*
2016-01,:,"7,916.00","4,254.00","7,276.00","3,427.00","49,434.00","1,089.00","2,553.00","4,373.00","22,668.00","55,984.00","1,080.00","22,809.00",382.00,649.00,373.00,193.00,2790.00,59.00,"10,066.00","4,840.00","13,788.00","5,617.00","5,653.00","1,232.00","2,162.00","7,109.00","16,436.00",:,"16,247.00","30,810.00",:,263,:,593,:,:,"3,634.00","22,080.00",:,:
2016-02,:,"7,041.00","3,366.00","6,763.00","2,773.00","46,089.00",742,"2,454.00","3,341.00","21,729.00","51,937.00","1,230.00","21,300.00",320.00,443.00,353.00,193.00,2508.00,44.00,"9,019.00","5,421.00","12,413.00","5,511.00","4,832.00","1,229.00","2,220.00","6,141.00","15,118.00",:,"13,977.00","25,205.00",:,230,:,422,:,:,"3,562.00","19,669.00",:,:
2016-03,:,"7,401.00","3,264.00","7,490.00","2,542.00","46,064.00",672,"2,504.00","3,469.00","23,109.00","52,088.00","1,323.00","22,056.00",311.00,577.00,282.00,190.00,2532.00,43.00,"9,717.00","4,970.00","12,634.00","4,995.00","5,036.00","1,349.00","2,220.00","6,246.00","14,795.00",:,"11,220.00","29,040.00",:,323,:,456,:,:,"3,711.00","20,805.00",:,:
2016-04,:,"6,565.00","2,670.00","6,593.00","2,386.00","41,459.00",741,"2,329.00","3,125.00","21,736.00","42,941.00",946,"20,536.00",296.00,594.00,276.00,186.00,2242.00,40.00,"8,641.00","5,239.00","11,799.00","4,976.00","5,065.00","1,248.00","1,785.00","5,572.00","13,190.00",:,"11,614.00","26,486.00",:,285,:,361,:,:,"3,015.00","20,086.00",:,:
2016-05,:,"5,837.00","2,822.00","6,430.00","1,772.00","40,153.00",612,"2,224.00","3,258.00","20,626.00","40,256.00",894,"21,940.00",330.00,525.00,255.00,168.00,2338.00,37.00,"7,915.00","5,669.00","11,454.00","4,776.00","4,326.00","1,326.00","1,589.00","4,756.00","11,493.00",:,"11,220.00","24,154.00",:,231,:,375,:,:,"2,932.00","20,592.00",:,:
2016-06,:,"5,619.00","3,161.00","5,789.00","1,459.00","40,245.00",663,"2,173.00","4,156.00","20,615.00","39,819.00",926,"22,438.00",422.00,414.00,318.00,144.00,2205.00,50.00,"7,715.00","6,148.00","11,558.00","4,447.00","4,803.00","1,442.00","1,588.00","4,366.00","9,101.00",:,"10,942.00","23,790.00",:,163,:,349,:,:,"2,529.00","21,562.00",:,:
2016-07,:,"6,302.00","3,335.00","5,727.00","1,723.00","40,199.00",834,"2,335.00","4,862.00","22,938.00","38,385.00",836,"25,332.00",517.00,331.00,237.00,132.00,2606.00,76.00,"7,797.00","6,245.00","11,955.00","4,607.00","5,227.00","1,466.00","2,059.00","4,409.00","9,850.00",:,"10,271.00","23,359.00",:,212,:,384,:,:,"2,569.00","22,912.00",:,:
2016-08,:,"6,828.00","3,357.00","5,564.00","1,971.00","40,645.00","1,006.00","2,361.00","4,508.00","22,089.00","36,032.00",872,"22,344.00",510.00,354.00,255.00,138.00,2298.00,81.00,"7,990.00","5,760.00","11,841.00","4,499.00","4,845.00","1,337.00","2,083.00","4,568.00","10,354.00",:,"10,305.00","23,387.00",:,199,:,345,:,:,"2,832.00","24,750.00",:,:
2016-09,:,"5,929.00","3,197.00","5,397.00","1,663.00","42,266.00",964,"2,331.00","3,819.00","21,227.00","36,248.00",770,"23,751.00",420.00,267.00,297.00,140.00,2544.00,70.00,"9,335.00","4,926.00","11,913.00","4,387.00","4,370.00","1,229.00","1,893.00","4,532.00","10,850.00",:,"10,471.00","24,602.00",:,223,:,382,:,:,"2,660.00","20,174.00",:,:
2016-10,:,"6,029.00","3,271.00","6,367.00","2,812.00","44,421.00","1,066.00","2,429.00","4,000.00","21,824.00","39,583.00","1,058.00","23,683.00",359.00,529.00,325.00,156.00,2546.00,66.00,"10,675.00","5,283.00","13,292.00","4,187.00","4,874.00",879,"1,857.00","5,649.00","12,107.00",:,"11,985.00","27,125.00",:,250,:,444,:,:,"2,996.00","20,907.00",:,:
2016-11,:,"6,623.00","3,465.00","6,834.00","3,188.00","46,788.00","1,083.00","2,559.00","4,009.00","21,771.00","45,654.00","1,284.00","24,322.00",312.00,816.00,446.00,185.00,2360.00,50.00,"10,899.00","5,524.00","13,698.00","4,662.00","5,282.00","1,316.00","2,171.00","6,335.00","13,013.00",:,"13,064.00","29,967.00",:,313,:,526,:,:,"3,147.00","21,558.00",:,:
2016-12,:,"7,402.00","4,119.00","7,143.00","3,207.00","46,588.00",942,"2,581.00","5,142.00","21,906.00","51,211.00","1,131.00","25,138.00",410.00,729.00,430.00,186.00,2523.00,60.00,"10,688.00","5,838.00","14,158.00","4,914.00","5,780.00","1,379.00","2,243.00","6,336.00","14,649.00",:,"13,999.00","30,694.00",:,282,:,648,:,:,"3,314.00","23,527.00",:,:
2017-01,"271,874.69","7,566.33","4,260.41","8,078.93","3,095.89","53,509.48","1,140.00","2,766.73","5,612.58","25,249.01","57,166.50","1,216.11","27,275.00",426.49,740.00,319.95,194.04,3029.17,77.69,"11,407.00","6,290.28","14,829.85","5,420.04","5,786.00","1,319.52","2,292.00","6,586.00","16,219.71","1,636.57","15,311.13","30,771.14","1,396.36",192,:,678.583,:,:,"3,359.72","24,232.36",:,:
2017-02,"234,153.82","6,778.84","3,571.19","6,951.17","3,245.99","48,064.47",991,"2,483.99","4,220.69","20,998.09","48,016.61","1,132.64","22,282.00",358.53,601.00,314.01,195.46,2130.76,65.14,"9,969.00","4,953.17","13,159.56","5,034.43","4,947.00","1,167.88","2,075.00","5,871.00","14,575.23","1,501.59","13,156.17","27,955.36","1,249.31",261,:,554.839,:,:,"3,099.59","21,812.38",:,:
2017-03,"240,956.72","7,005.37","3,589.18","7,385.94","3,122.70","50,018.96","1,039.00","2,590.91","3,657.94","21,153.27","49,794.82","1,070.31","22,024.00",339.01,949.00,333.49,205.28,2560.50,79.83,"9,838.00","5,623.00","13,072.95","5,049.66","5,302.00","1,318.21","2,257.00","6,283.00","15,293.41","1,696.54","12,811.99","27,876.22","1,344.11",273,:,403.197,:,:,"2,880.67","22,913.37",:,:
2017-04,"214,638.93","5,339.22","3,106.83","7,322.14","2,750.68","45,411.07",893,"2,297.94","3,228.74","19,292.51","42,244.03",832.051,"20,902.00",302.03,742.00,311.09,194.03,2373.92,102.38,"8,666.00","5,125.69","12,181.38","4,379.41","4,663.00","1,125.55","1,860.00","5,270.00","13,722.25","1,577.24","11,537.85","24,503.07","1,058.43",136,:,365.175,:,:,"2,658.03","21,619.63",:,:
2017-05,"213,950.18","5,735.44","2,879.10","6,305.37","2,045.06","45,719.92","1,018.00","2,281.03","3,648.80","20,409.32","41,221.11",728.484,"22,637.00",341.59,580.00,339.23,156.19,2389.42,89.33,"8,084.00","5,623.20","12,176.27","4,604.85","4,343.00","1,274.67","1,967.00","4,925.00","12,427.78","1,613.18","11,236.77","24,689.38",922.419,67,:,337.755,:,:,"2,737.39","22,503.49",:,:
2017-06,"210,253.95","6,532.45","3,022.44","5,414.63","1,847.71","44,906.86",874,"2,258.70","4,156.32","22,086.89","37,089.41",557.175,"25,284.00",397.44,363.00,311.03,144.30,2377.60,145.02,"8,215.00","5,297.57","11,843.54","4,704.12","4,428.00","1,160.31","1,893.00","4,217.00","10,726.46","1,536.72","11,067.75","23,507.86","1,155.91",93,:,312.26,:,:,"2,513.14","22,148.72",:,:
2017-07,"216,325.51","7,029.32","3,381.24","5,046.22","1,514.53","43,684.03",769,"2,351.68","5,041.46","22,809.94","38,658.24",794.916,"26,496.00",558.25,362.00,253.34,139.77,2550.69,171.58,"8,432.00","5,535.70","12,232.32","5,075.64","4,530.00","1,305.87","2,067.00","4,249.00","11,285.78","1,580.43","10,624.14","23,639.84","1,219.89",174,:,395.108,:,:,"2,632.42","27,308.67",:,:
2017-08,"213,172.65","6,848.00","3,449.90","6,065.51","1,628.66","45,216.53",855,"2,286.68","5,166.16","21,696.57","36,885.08",899.269,"24,416.00",509.33,396.00,280.29,166.59,2437.35,197.87,"7,207.00","6,011.56","12,292.01","5,155.48","4,433.00","1,303.75","2,072.00","4,343.00","10,954.07","1,586.54","11,111.61","23,473.77","1,195.14",172,:,420.027,:,:,"2,791.46","26,978.56",:,:
2017-09,"211,088.61","6,437.89","3,061.82","6,691.57","1,728.49","45,487.78",831.3,"2,359.96","3,973.21","20,321.97","38,382.14",905.377,"22,738.00",450.50,533.00,318.03,175.69,2387.88,220.17,"7,711.00","6,146.52","12,280.02","4,600.64","4,318.00","1,372.29","1,995.00","4,823.00","10,837.36","1,554.43","11,358.32","24,449.84",:,149,:,332.659,:,:,"2,744.33","23,204.64",:,:
2017-10,"225,054.55","6,697.18","3,057.42","7,143.86","2,582.30","49,750.61",960.1,"2,371.54","4,047.64","21,485.34","39,321.12",867.85,"22,970.00",360.23,623.00,390.84,218.59,2732.60,180.40,"9,955.00","5,698.78","13,174.81","4,113.00","4,699.00","1,247.76","1,958.00","5,668.00","12,779.58","1,629.07","12,429.06","27,095.30",:,180,:,394.899,:,:,"2,903.21","22,762.86","13,115.10",:
2017-11,"240,694.82","6,730.61","3,622.73","7,629.06","2,713.87","50,832.17",980,"2,510.44","4,266.91","22,739.93","44,811.24","1,107.42","24,192.00",327.05,728.00,354.94,186.61,2762.30,96.43,"10,963.00","5,988.58","13,352.88","4,608.00","4,863.00","1,286.93","2,245.00","6,129.00","14,666.74","1,627.34","13,742.89","30,095.73",:,269,:,474.072,:,:,"2,623.24","23,181.67","13,947.10",:
2017-12,"256,573.06","7,590.56","3,722.36","7,031.98","3,182.31","52,654.88",880,"2,674.55","4,459.17","24,326.47","53,052.62","1,433.20","23,902.00",370.41,722.00,366.81,207.04,2926.05,144.80,"11,074.00","5,881.45","13,596.17","4,853.00","5,490.00","1,376.98","2,254.00","6,546.00","15,854.27","1,698.89","14,865.50","31,095.54",:,369,:,557.133,:,:,"3,405.87","25,425.99","14,837.00",:
2018-01,"258,701.83","7,023.60","3,741.71","6,972.49","3,102.19","52,211.03","1,018.00","2,695.52","4,364.20","22,903.29","57,338.86","1,435.05","22,890.00",395.25,881.00,354.21,213.34,2754.73,112.08,"10,544.00","6,456.74","13,781.64","5,181.00","5,453.00","1,356.29","2,444.00","6,877.00","16,201.62","1,706.48","15,628.76","30,535.98","1,469.88",397,:,480.193,990.225,884.286,"3,695.27","25,191.00","15,183.30",:
2018-02,"244,413.32","6,962.57","3,522.50","6,615.52","3,127.72","48,973.42",940,"2,414.76","3,965.43","21,859.41","54,246.28","1,353.12","21,887.00",331.37,717.00,249.31,183.59,2493.90,152.49,"10,736.00","5,675.93","12,896.02","4,638.00","5,320.00","1,228.94","2,092.00","6,614.00","15,217.05","1,547.85","14,795.89","28,344.35","1,474.99",468,:,554.942,909.857,"1,054.97","3,227.67","22,535.65","14,097.80",:
2018-03,"256,817.20","7,141.56","3,720.93","7,883.43","3,555.70","52,652.14","1,140.20","2,607.21","4,142.33","24,330.06","53,005.79","1,557.74","23,514.00",325.89,727.00,301.07,213.16,2325.99,114.54,"10,234.00","5,384.92","13,824.73","6,013.00","5,574.00","1,425.78","2,209.00","7,121.00","15,772.04","1,699.84","14,075.83","30,318.29","1,960.59",508,:,522.96,974.962,"1,291.47","3,495.93","23,454.05","15,230.10",:
2018-04,"216,406.00","5,481.30","2,787.38","6,229.58","2,584.49","45,216.36",994.5,"2,426.02","3,302.72","20,807.36","42,907.15","1,185.49","20,740.00",315.50,820.00,317.49,212.12,2331.25,102.33,"9,302.00","5,851.89","11,659.89","4,736.00","4,608.00","1,022.26","2,012.00","5,492.00","12,960.95","1,615.13","10,546.76","26,082.08","1,351.83",339,:,342.996,"1,049.14","1,174.18","3,051.73","22,620.60","11,940.90",:
2018-05,"212,542.37","5,289.70","2,697.71","6,592.86","1,581.08","43,240.49",712.543,"2,388.23","3,763.51","20,178.53","42,859.89",923.639,"22,863.00",390.76,432.00,269.67,203.47,2063.76,159.11,"8,509.00","6,166.20","11,711.66","4,255.00","4,361.00","1,331.24","1,813.00","4,933.00","12,852.31","1,665.84","10,257.90","24,227.67","1,245.14",200,:,316.174,"1,143.96","1,007.73","2,744.60","22,971.54","11,613.60",:
2018-06,"208,792.10","5,185.44","3,232.28","6,180.50","1,461.95","43,236.78",793,"2,308.15","4,203.65","19,833.32","40,848.14",924.124,"23,833.00",428.93,303.00,197.49,169.43,2005.02,154.97,"8,310.00","5,710.64","11,926.42","4,765.00","4,428.00","1,182.41","1,645.00","4,173.00","11,352.47","1,581.39","9,681.21","22,931.74",:,241,:,359.847,"1,195.53",533.948,"2,628.47","23,024.39","11,622.40",:
2018-07,"218,850.27","5,506.12","3,448.26","6,160.84","1,459.69","46,251.61",817,"2,375.81","4,726.46","21,810.71","41,340.70",934.486,"26,226.00",534.08,377.00,196.80,108.46,2699.14,210.99,"8,234.00","4,902.89","12,883.17","5,058.00","4,916.00","1,254.85","1,934.00","4,510.00","9,973.20","1,626.66","9,364.25","23,752.16",:,261,:,366.519,"1,255.71",569.644,"2,663.15","28,191.10","12,164.40",:
2018-08,"213,793.77","5,256.64","3,608.19","6,279.96","1,633.22","46,887.28","1,062.00","2,329.18","4,922.22","22,321.13","37,330.56","1,000.69","23,975.00",519.67,450.00,237.27,138.45,2434.16,213.07,"8,415.00","4,264.52","12,791.11","4,770.00","4,902.00","1,251.93","1,996.00","4,469.00","10,335.54","1,641.47","10,544.30","23,652.60",:,259,:,371.625,969.583,581.776,"2,530.77","26,655.32","12,122.60",:
2018-09,"210,055.34","4,536.41","3,252.85","6,617.48","2,161.12","44,799.29",846,"2,221.97","4,379.37","21,045.76","38,929.71",782.679,"24,076.00",454.43,381.00,287.36,152.90,2571.07,184.88,"8,050.37","4,583.06","12,254.57","4,564.00","4,407.00","1,263.07","1,735.00","4,737.00","10,781.00","1,611.45","11,197.75","23,926.74",:,218,:,416.941,834.831,489.469,"2,420.65","24,187.14","11,639.80",:
2018-10,"225,679.54","5,333.18","3,401.96","7,258.88","2,627.12","48,722.70",815,"2,387.73","4,072.82","22,103.06","42,384.72",875.847,"23,057.00",382.41,390.00,334.99,187.27,2646.02,167.20,"9,720.00","4,997.90","13,159.52","4,349.00","4,759.00","1,316.11","1,651.00","5,638.00","12,941.11","1,702.31","13,281.22","26,704.41",:,227,:,431.464,767.101,271.923,"2,752.19","22,684.08","13,008.30",:
2018-11,"236,893.91","5,839.31","4,006.96","7,520.02","2,523.13","49,104.69",937,"2,579.04","4,131.18","22,231.35","46,665.63","1,087.12","23,967.00",334.24,494.00,208.54,182.56,2584.97,163.41,"10,045.00","5,389.78","13,217.46","4,889.00","4,950.00","1,480.50","1,981.00","6,225.00","14,156.02","1,686.65","13,665.80","28,316.08",:,273,:,463.287,877.977,263.479,"2,907.51","22,946.12","14,568.00",:
2018-12,"249,954.19","5,656.51","4,292.04","7,656.07","3,121.68","50,503.94",758.9,"2,501.27","4,735.07","21,647.22","53,828.40","1,196.56","23,206.00",378.55,528.00,228.92,200.13,2839.88,153.33,"10,452.00","6,203.32","13,990.32","4,867.00","5,044.00","1,170.89","2,205.00","6,634.67","15,954.52","1,741.29","13,805.51","28,583.53",:,352,:,576.788,964.901,473.668,"3,123.25","24,821.59","15,881.30",:
2019-01,"269,098.26","7,374.33","4,229.58","8,000.63","3,452.78","53,992.96","1,045.00","2,604.43","5,279.58","24,569.18","56,569.39","1,200.59","26,029.00",442.70,599.00,310.90,186.40,3182.53,177.59,"11,678.25","6,653.67","14,539.68","5,057.00","4,995.00","1,194.04","2,386.00","6,969.00","16,379.05","1,731.94","14,706.64","31,171.67","1,381.71",331.875,:,642.749,984.922,419.847,"3,235.86","24,687.44","15,710.70",:
2019-02,"233,850.24","6,424.77","3,783.31","7,237.20","2,802.40","47,609.76",691,"2,403.53","3,912.08","20,564.79","50,885.87","1,093.14","21,952.00",363.49,471.00,338.35,159.87,2285.14,138.52,"10,242.22","5,496.65","12,337.50","3,727.00","4,699.00","1,208.27","2,174.00","6,118.00","14,731.40","1,583.79","11,745.18","25,676.95","1,356.44",336.036,:,496.201,912.567,525.664,"3,155.93","23,186.42","13,752.10",:
2019-03,"241,913.39","7,134.40","3,623.77","7,003.58","3,245.67","50,476.81",677,"2,471.02","3,586.78","20,870.74","51,182.64",844.015,"22,866.00",352.78,686.00,356.59,199.93,2401.07,140.25,"10,528.57","6,053.56","12,855.14","3,764.00","4,808.00","1,162.47","2,480.00","6,483.00","15,659.61","1,736.54","11,304.99","26,754.37","1,349.65",275.341,:,436.952,946.814,342.72,"3,834.58","23,563.66","13,977.50",:
2019-04,"216,132.60","6,764.48","3,314.14","6,421.72","2,099.41","44,398.75",598.8,"2,404.44","3,341.14","19,802.02","43,016.28",836.34,"21,741.00",314.17,499.00,287.34,130.50,2503.95,144.11,"8,716.67","6,275.73","11,830.08","4,092.00","4,462.00","1,210.42","2,007.00","5,600.00","13,321.10","1,635.71","9,995.47","25,298.57","1,042.98",97.643,:,379.239,948.255,320.069,"2,888.11","22,710.05","12,161.00",:
2019-05,"216,102.47","6,681.77","2,744.57","6,686.31","2,291.00","42,048.43",490.879,"2,345.02","3,277.47","20,591.89","43,951.23","1,066.01","22,318.00",361.54,421.00,273.28,127.14,2261.41,163.29,"9,386.59","6,260.94","12,023.64","4,057.93","4,665.00","1,396.39","2,292.00","5,182.00","12,737.77","1,694.58","9,810.05","23,932.45","1,220.75",182.375,:,382.294,"1,142.68",520.692,"2,804.49","23,892.82","11,765.60",:
2019-06,"208,609.86","6,386.19","2,815.82","5,725.12","1,452.50","38,686.91",312.366,"2,278.17","4,100.86","21,190.15","40,505.66",901.879,"24,542.00",439.07,407.00,278.81,127.08,2399.54,187.15,"8,008.35","6,573.53","11,662.23","3,901.04","4,789.00","1,423.95","2,006.00","4,674.00","12,835.50","1,553.95","9,469.55","22,846.82","1,262.40",268.567,:,435.838,"1,184.68",443.934,"2,664.97","23,190.48","11,401.10",:
2019-07,"218,764.46","7,029.44","3,255.95","5,318.75","1,624.63","41,374.76",306.4,"2,144.35","4,616.28","23,635.01","40,806.33",822.734,"27,814.00",534.95,357.00,290.61,119.83,2863.44,195.85,"9,120.66","5,829.36","11,913.08","4,421.43","4,402.00","1,345.78","2,030.00","4,668.00","11,923.83","1,571.91","9,790.42","23,771.90","1,344.05",264.523,:,499.527,"1,043.25",457.805,"2,512.63","27,334.78","11,256.50",:
2019-08,"208,469.16","7,840.02","3,339.03","6,056.37","1,446.87","39,820.14",402,"2,169.34","4,912.98","22,456.02","37,931.53",852.188,"24,344.00",538.29,525.00,260.10,125.02,2649.74,213.88,"8,906.70","5,541.06","11,947.11","3,789.27","4,057.00","1,146.86","2,134.00","4,258.00","10,806.65","1,517.76","10,101.80","23,200.06","1,374.49",243.22,:,531.761,"1,004.53",477.79,"2,573.29","26,295.56","11,294.70",:
2019-09,"207,662.71","7,962.52","2,992.53","6,524.02","2,035.93","41,090.17",467.5,"2,183.81","3,973.40","21,372.52","38,044.71",742.062,"23,954.00",459.01,553.00,327.80,121.97,2599.98,168.67,"8,973.96","5,261.29","11,652.71","3,871.83","3,702.00","1,024.86","1,885.00","4,361.00","11,356.48","1,525.10","10,949.28","23,654.00","1,169.25",261.357,:,463.812,804.76,258.513,"2,337.59","24,029.96","10,912.20",:
2019-10,"224,109.52","7,693.22","3,054.08","7,484.43","2,217.43","46,770.96",429.358,"2,444.70","3,690.77","21,031.03","41,589.72",928.886,"22,919.00",380.08,514.00,321.70,163.97,3108.02,163.86,"10,596.41","5,377.41","12,544.17","4,186.87","4,079.00",819.9,"2,136.00","5,541.00","13,923.57","1,631.04","11,525.72","26,883.06","1,121.06",199.464,:,360.32,783.087,263.104,"2,615.60","22,763.41","12,144.70",:
2019-11,"235,933.35","7,729.24","3,444.76","7,321.74","2,523.46","47,122.99",563.4,"2,718.69","3,311.09","22,616.25","46,637.41","1,483.63","22,887.00",325.56,586.00,283.11,174.54,2802.70,135.77,"10,887.59","5,989.26","12,286.39","5,187.59","4,478.00","1,530.20","2,233.00","5,818.00","14,855.98","1,610.40","12,867.06","27,737.34","1,482.49",382.023,:,383.985,887.644,433.041,"2,958.39","22,556.84","12,870.50",:
2019-12,"244,502.35","7,822.89","3,711.43","7,353.70","3,258.94","46,841.52",454,"2,679.26","3,790.69","22,320.24","51,887.15","1,498.36","22,480.00",371.28,560.00,350.71,196.16,2863.37,164.62,"10,525.79","5,699.99","13,106.36","5,784.01","4,738.00","1,472.48","2,277.00","6,380.00","15,914.40","1,696.11","12,368.49","28,233.73","1,738.13",462.191,:,492.985,984.037,773.454,"3,377.51","24,691.00","14,076.50",:
2020-01,"256,069.05","7,730.04","3,588.02","7,530.73","3,527.27","49,394.90",414.267,"2,758.77","4,496.34","22,727.16","55,478.29","1,162.04","24,315.00",425.04,629.00,387.81,187.51,3030.97,217.64,"11,242.88","5,778.30","13,438.55","5,825.36","4,889.00","1,222.94","2,396.00","6,586.54","16,688.69","1,698.52","13,336.43","29,746.06","1,703.88",387.013,114.846,555.507,"1,000.98",537.469,"3,360.43","25,364.84","13,872.20",:
2020-02,"236,518.42","7,344.90","3,438.72","6,713.54","3,268.05","47,537.96",370.275,"2,709.60","3,646.46","20,317.69","51,553.22","1,052.33","21,830.00",391.90,604.00,435.96,206.16,2663.35,194.37,"10,058.33","5,856.17","12,521.66","4,363.13","4,443.00","1,086.44","2,386.00","6,075.48","15,449.70","1,594.33","12,933.65","27,025.17","1,369.65",308.721,100.39,446.786,829.943,469.007,"3,266.93","23,783.27","12,906.00",:
2020-03,"231,278.26","7,557.34","3,574.73","6,500.08","2,806.78","45,542.31",403.89,"2,446.07","3,394.02","20,999.79","48,863.06","1,097.75","20,225.00",334.20,674.00,365.67,203.47,2842.00,170.25,"9,722.29","5,861.56","12,325.65","4,392.07","4,497.00","1,178.13","2,344.00","6,562.36","16,394.80","1,698.33","14,236.43","26,680.04","1,436.96",356.109,91.966,404.659,849.547,547.065,"3,493.88","23,574.51","12,448.80",:
2020-04,"189,835.29","6,319.85","2,796.04","5,249.53","2,109.13","36,031.01",291.979,"2,069.42","3,175.32","17,470.07","37,407.82",661.481,"19,456.00",256.18,380.00,340.59,191.37,2577.46,154.15,"8,138.25","4,844.77","10,516.34","3,456.63","3,632.00","1,095.75","1,940.00","5,636.41","13,637.75","1,589.60","12,588.65","21,156.08","1,082.73",79.562,51.665,375.667,926.857,405.656,"2,594.85","19,283.20","10,516.00",:
2020-05,"192,813.09","6,946.05","2,504.09","5,657.18","2,092.95","34,750.33",287.645,"2,260.00","3,116.48","17,967.80","38,193.69",852.582,"21,578.00",321.86,442.00,371.98,184.44,2457.27,166.91,"9,351.42","5,585.09","10,578.29","3,322.71","3,473.00","1,232.54","1,962.00","5,080.72","12,076.08","1,591.29","12,107.91","21,036.88","1,017.45",68.246,38.735,313.634,972.649,371.832,"2,464.20","19,904.34","10,297.60",:
2020-06,"192,945.84","6,363.64","2,904.61","5,719.19","1,484.33","36,548.29",344.068,"2,271.36","3,358.63","19,263.27","35,025.21",919.748,"23,700.00",351.63,479.00,418.61,164.32,2413.23,186.67,"9,045.70","6,113.22","10,441.59","3,478.71","3,812.00","1,375.76","2,059.00","4,495.24","10,208.82","1,497.34","10,572.06","21,767.84",953.126,158.885,47.098,340.846,987.947,416.142,"2,564.63","22,442.49","10,112.10",:
2020-07,"209,030.38","7,013.14","3,072.80","5,416.94","1,906.08","38,746.21",351.575,"2,387.93","4,522.28","23,927.94","34,953.10",954.993,"25,993.00",507.54,262.00,458.56,166.04,2824.38,208.53,"10,613.56","6,301.00","11,275.43","3,911.73","4,238.00","1,446.40","2,095.00","4,559.12","10,917.14","1,534.73","11,247.12","23,669.73","1,139.83",253.588,20.371,481.329,997.739,490.565,"2,668.78","27,342.50","10,740.00",:
2020-08,"205,315.64","6,388.54","3,032.18","6,138.70","1,332.21","39,971.84",557.404,"2,429.55","4,213.87","22,539.55","33,991.58",930.864,"24,670.00",509.10,395.00,445.34,163.72,2516.79,210.55,"10,882.51","5,963.15","11,359.21","4,229.98","4,277.00","1,358.75","2,120.00","4,320.61","10,367.66","1,550.52","11,567.23","22,583.55","1,213.85",239.838,14.981,478.796,936.25,461.13,"2,866.82","27,636.18","10,547.30",:
2020-09,"203,471.91","6,601.35","2,814.80","6,150.82","1,762.64","39,855.59",488.8,"2,475.68","4,171.14","21,331.11","32,650.12",974.476,"24,661.00",495.13,340.00,477.70,171.54,2830.51,177.66,"9,957.93","5,792.25","11,558.12","4,602.68","4,097.00","1,393.77","1,990.00","4,611.33","11,038.78","1,534.53","12,048.43","23,560.18","1,071.39",272.17,78.597,429.838,860.343,336.962,"2,658.41","26,416.38","10,552.10",:
2020-10,"222,147.41","6,819.88","2,704.48","6,580.45","2,225.44","45,913.14",493.66,"2,682.37","3,419.99","20,913.60","42,235.42","1,353.73","22,342.00",386.04,334.00,399.39,185.22,2964.44,151.03,"10,283.00","6,195.64","12,589.72","4,725.96","4,069.00","1,733.73","2,248.00","5,329.97","12,868.13","1,598.21","13,913.22","25,689.62","1,189.29",365.372,242.065,358.057,831.842,554.541,"3,178.09","24,344.14","11,730.30",:
2020-11,"227,800.51","7,194.75","3,316.99","7,210.41","2,431.48","45,891.86",483.377,"2,690.97","3,902.67","19,839.15","45,905.19","1,216.61","21,518.00",341.42,461.00,427.32,184.97,2774.27,103.01,"10,194.28","5,539.79","12,699.29","5,180.51","4,353.00","1,409.78","2,321.00","6,199.00","14,010.45","1,578.36","13,359.20",:,"1,438.11",344.115,120.114,382.087,846.753,361.263,"3,156.71","24,350.69","13,472.70",:
2020-12,"244,062.35","7,959.87","3,542.11","7,247.67","2,731.80","45,750.32",519.306,"2,926.36","4,420.85","23,663.72","51,349.22","1,724.57","22,898.00",381.53,511.00,484.57,185.22,2763.63,131.55,"10,626.39","5,572.25","13,554.72","4,965.53","4,913.00","1,464.98","2,364.00","6,350.00","15,060.21","1,664.53","16,218.80",:,"1,555.32",402.271,147.27,465.817,903.021,392.438,"3,386.92","26,115.25","14,997.40",:
2021-01,"259,027.71","8,439.55","3,804.87","7,729.25","3,259.14","48,096.68",576.464,"2,861.82","4,939.07","24,301.48","56,232.71","1,785.78","23,904.00",390.30,606.00,364.08,193.40,3016.22,140.93,"11,288.09","5,408.42","14,326.31","5,236.35","4,706.00","1,434.40","2,555.00","6,875.41","16,556.00","1,663.54","17,451.90",:,"1,927.51",524.759,143.864,514.194,788.201,"1,156.58","3,803.50","25,698.14","14,079.80",:
2021-02,"232,040.53","8,136.93","3,450.61","6,781.62","3,329.65","43,466.44",572.6,"2,616.01","3,908.70","21,133.41","47,758.77","1,541.26","20,655.00",337.70,590.00,362.51,185.62,2644.47,146.09,"10,601.68","5,240.05","12,813.44","5,309.48","4,697.00","1,308.58","2,498.00","6,516.91","15,438.00","1,487.50","14,411.58",:,"1,850.10",494.006,145.969,475.885,673.429,"1,187.19","3,632.93","22,930.15","12,982.30",:
2021-03,"241,125.18","8,988.90","3,917.61","7,027.45","3,070.30","46,341.48",392.5,"2,603.81","3,998.58","22,092.64","48,425.69","1,401.03","22,395.00",347.75,704.00,400.15,204.99,2978.57,154.48,"11,279.30","5,126.14","13,279.77","4,494.87","4,953.00","1,332.43","2,458.00","6,754.77","16,002.00","1,662.82","13,789.72",:,"1,602.11",468.446,144.906,547.522,647.353,"1,017.18","3,674.34","26,720.11","13,933.00",:
2021-04,"216,819.53","8,217.97","3,530.42","6,037.16","2,789.51","43,505.34",413.3,"2,335.95","3,871.92","19,890.79","40,023.68","1,082.79","21,315.00",299.32,655.00,384.95,206.50,2873.98,187.54,"9,510.64","5,125.55","12,617.98","3,938.79","4,453.00",757.73,"2,153.00","5,715.73","14,926.00","1,576.32","12,427.14",:,"1,220.23",197.374,78.009,316.487,811.586,"1,003.52","3,076.56","24,846.73","12,156.60",:
2021-05,"210,823.16","7,561.58","3,048.95","5,474.81","2,139.16","40,226.79",381.519,"2,266.77","3,596.37","20,459.57","41,925.51","1,034.66","21,226.00",351.80,531.00,340.15,217.49,2598.24,186.62,"9,017.71","6,437.10","12,327.50","3,536.39","4,571.00","1,367.25","2,221.00","5,084.24","12,694.00","1,648.57","12,079.89",:,"1,122.25",176.72,40.147,264.146,"1,207.90",984.572,"2,690.80","24,094.58","11,037.00",:
2021-06,"206,030.57","7,311.86","2,992.52","5,569.26","1,788.18","38,729.42",455.2,"2,235.35","4,013.43","19,852.58","39,712.00",880.454,"23,839.00",408.17,354.00,332.06,170.84,2980.32,210.31,"8,624.52","6,299.53","12,461.06","3,376.95","4,669.00","1,283.47","2,129.00","4,290.10","11,062.00","1,561.24","11,426.47",:,"1,091.02",140.555,24.491,331.558,"1,310.59",685.176,"2,481.36","25,674.33","10,703.10",:
2021-07,"217,825.38","7,711.22","3,512.02","5,741.31","1,758.47","39,031.46",492.17,"2,098.96","5,406.13","22,428.39","40,986.86",977.037,"26,161.00",587.90,307.00,300.38,178.16,2986.64,236.99,"9,633.95","6,060.69","13,368.96","3,953.36","4,559.00","1,168.98","2,286.00","4,395.38","11,497.00","1,611.63","11,050.84",:,"1,182.45",256.945,17.331,464.272,"1,227.58",639.673,"2,698.86","29,324.62","11,717.20",:
2021-08,"211,504.54","7,505.88","3,578.52","5,703.44","2,131.27","39,706.56",438.323,"2,346.11","5,312.65","21,553.11","39,578.30",999.911,"23,134.00",596.72,162.00,292.90,183.12,2756.45,229.69,"8,524.87","6,382.54","13,206.24","3,338.40","4,038.00","1,327.36","2,260.00","4,587.19","11,631.00","1,623.40","10,398.60",:,"1,188.00",202.614,12.988,492.064,"1,185.20",453.248,"2,557.53","30,790.76","11,437.90",:
2021-09,"210,108.87","6,494.96","3,644.41","6,317.18","2,147.92","41,454.07",566.93,"2,350.91","4,415.14","20,649.08","38,932.68",845.78,"23,094.00",450.83,322.00,421.27,171.76,2669.82,173.24,"8,716.43","4,757.18","13,930.68","3,675.64","3,881.00","1,047.95","2,158.00","4,764.00","12,056.00","1,616.52","11,234.85",:,"1,101.56",214.771,15.11,434.647,"1,087.69",288.069,"2,456.45","26,655.37","11,092.00",:
2021-10,"226,203.78","7,795.43","3,523.08","7,460.26","2,885.26","45,798.70",610.429,"2,584.14","4,433.59","20,602.79","42,245.13","1,118.54","22,354.00",374.86,279.00,395.10,186.25,2884.09,171.79,"9,410.18","5,029.64","14,649.19","3,663.69","4,138.00","1,155.64","2,190.00","6,004.00","14,261.00","1,709.76","12,359.48",:,"1,185.72",255.22,51.011,402.783,"1,173.04",313.047,"2,782.84","25,251.30","12,688.30",:
2021-11,"239,225.13","7,784.34","4,004.66","7,725.23","3,050.83","46,628.26",685.278,"2,781.97","3,864.67","22,979.25","45,119.10","1,353.96","24,567.00",334.30,427.00,358.14,177.49,2708.19,150.39,"10,447.03","5,612.15","14,611.60","4,238.69","4,192.00","1,252.61","2,354.00","6,217.00","15,600.00","1,696.21","14,420.06",:,"1,434.28",288.516,114.372,388.391,"1,159.47",344.822,"2,792.40","25,416.98","13,243.90",:
2021-12,"255,339.99","8,753.20","4,557.96","7,729.24","3,567.71","47,723.72",864.869,"3,020.26","5,030.15","23,532.68","48,871.64","1,663.83","25,465.00",399.49,671.00,395.29,194.24,2837.13,159.88,"10,982.41","5,695.75","15,659.33","4,599.44","4,845.00","1,251.79","2,450.00","7,160.00","17,259.00","1,756.68","16,042.24",:,"1,697.52",432.709,128.443,561.309,"1,162.36",938.389,"3,137.03","27,596.69","14,969.40",:
2022-01,"259,999.78","8,792.90","4,706.55","7,558.61","3,900.13","49,080.74",738.1,"2,911.50","4,447.21","24,288.37","52,972.66","1,511.92","25,045.00",467.95,520.00,428.26,175.65,3103.12,168.34,"10,824.04","6,355.32","15,081.08","4,372.34","5,024.00","1,227.99","2,421.00","6,705.00","17,172.00","1,750.16","15,079.23",:,"1,570.29",364.026,147.995,566.401,995.535,798.957,"3,069.32","27,086.86","14,869.20",575.288
2022-02,"233,489.26","7,726.51","4,072.63","6,465.78","3,754.14","48,720.55",504.165,"2,782.73","3,635.23","21,081.85","46,334.98","1,184.64","22,330.00",382.19,456.00,394.96,208.16,2589.56,157.60,"9,402.34","5,410.04","13,538.65","3,313.37","4,214.00","1,049.19","2,272.00","5,965.00","15,543.00","1,543.30","12,949.41",:,"1,296.85",296.339,110.187,438.766,864.83,575.537,"2,664.82","24,344.39",:,599.048
2022-03,"240,584.76","7,487.82","4,683.34","7,573.30","3,115.14","46,940.36",722.6,"2,766.72","4,901.24","22,723.44","43,237.85","1,188.81","24,373.00",443.61,460.00,350.88,199.74,3196.60,182.37,"10,594.62","5,587.56","14,866.79","4,366.60","4,333.00","1,223.39","2,306.00","6,488.00","16,272.00","1,661.83","14,614.70",:,"1,336.76",341.033,121.531,540.881,"1,047.95",651.552,"3,168.75","27,176.98",:,715.036
2022-04,"214,605.27","7,352.89","3,754.04","6,021.45","2,768.90","43,888.03",520.6,"2,517.72","3,010.71","21,735.88","36,975.41","1,022.22","21,252.00",316.23,658.00,314.73,201.61,2795.29,127.93,"9,193.42","5,620.21","13,587.08","3,825.21","4,192.00","1,097.72","1,959.00","5,818.00","14,079.00","1,635.60","11,140.84",:,"1,373.03",290.285,35.754,430.649,"1,110.66",697.597,"2,819.34","24,782.00",:,640.7
2022-05,"206,887.25","7,098.85","3,292.46","5,642.02","2,519.82","40,565.63",700.276,"2,531.39","3,397.14","22,139.80","34,205.11",914.242,"21,584.00",358.88,402.00,271.97,186.20,2855.13,174.64,"9,213.85","6,044.52","13,128.71","3,658.23","4,200.00","1,165.39","1,963.00","5,552.00","13,122.00","1,721.55","10,783.82",:,"1,180.31",124.807,38.576,383.552,"1,445.49",573.015,"2,333.71","24,278.01",:,592.596
2022-06,"205,388.29","6,665.86","3,689.91","5,999.84","1,848.85","38,944.47",609.466,"2,421.49","4,391.60","23,209.27","32,077.59","1,003.39","24,245.00",424.63,279.00,229.21,184.46,2826.10,208.50,"10,395.99","5,786.81","12,639.45","3,572.17","3,916.00","1,109.25","1,774.00","4,830.00","12,106.00","1,613.09","11,479.73",:,"1,062.13",142.458,10.002,344.358,"1,469.85",382.83,"2,362.72","25,986.70",:,604.964
2022-07,"215,689.19","6,871.32","3,823.63","6,129.00","2,508.53","41,343.25",593.6,"2,512.75","5,814.34","26,367.46","31,169.54","1,119.16","26,611.00",561.16,208.00,273.50,206.09,3038.81,242.71,"10,121.38","5,018.70","12,748.79","3,668.18","4,165.00","1,021.29","1,872.00","4,533.00","13,147.00","1,670.05","10,663.90",:,"1,135.21",217.426,11.653,400.801,"1,293.80",450.858,"2,527.33","27,628.71",:,508.777
2022-08,"206,613.55","7,675.18","3,771.27","6,128.76","1,741.11","39,443.90",552.053,"2,590.81","5,331.48","25,240.85","29,369.21","1,046.98","23,416.00",536.27,259.00,281.90,173.39,2586.80,231.35,"10,161.99","4,663.66","12,915.99","3,527.01","3,824.00","1,009.62","1,923.00","5,040.00","13,172.00","1,690.44","10,462.50",:,"1,096.02",214.84,9.231,439.029,"1,379.29",514.207,"2,469.99","30,117.16",:,477.189
2022-09,"201,231.65","7,407.14","3,374.50","6,375.82","2,408.13","39,577.13",692.59,"2,498.95","3,719.04","23,653.93","29,286.19",936.709,"22,650.00",463.40,201.00,226.55,188.55,2396.16,195.61,"9,375.16","5,161.63","12,521.86","3,683.08","3,841.00","1,018.53","1,647.00","5,446.00","12,286.00","1,650.97","8,578.99",:,902.574,174.811,9.487,436.22,"1,169.72",408.139,"2,480.76","25,994.23",:,504.814
2022-10,"205,601.17","7,486.68","2,883.19","6,134.27","2,524.27","40,386.47",610.636,"2,794.56","3,364.91","21,941.57","33,006.46","1,052.11","21,410.00",380.71,220.00,308.97,187.16,2905.61,158.83,"9,414.28","5,160.09","13,193.47","3,734.88","3,967.00",527.053,"2,082.00","5,992.00","13,774.00","1,737.28","11,018.54",:,"1,025.24",197.296,37.192,376.23,"1,016.85",393.003,"2,775.12","23,885.65",:,501.689
2022-11,"214,738.97","7,393.09","3,803.39","6,811.38","3,193.04","42,871.48",639.642,"2,972.55","3,460.02","21,554.67","37,032.26","1,272.50","20,972.00",329.67,493.00,293.55,183.59,2423.56,193.91,"8,929.62","4,967.55","13,815.46","4,414.34","4,212.00",771.708,"2,023.00","5,753.00","13,959.00","1,689.01","14,326.78",:,"1,244.32",327.224,66.845,469.731,"1,103.92",550.644,"3,035.70","23,347.28",:,591.176
2022-12,"236,788.74","7,671.29","3,969.23","7,929.33","3,384.26","43,532.27",689.876,"3,006.74","3,943.34","22,197.58","45,261.37","1,536.79","22,485.00",351.58,637.00,445.30,173.69,2789.39,187.52,"10,727.55","5,289.28","14,850.95","5,496.47","4,429.00","1,187.94","2,224.00","7,056.00","15,336.00","1,757.20","14,856.53",:,"1,415.79",525.54,93.081,607.12,"1,080.89","1,034.86","3,489.14","24,781.03",:,671.965
2023-01,"245,275.76","8,201.54","4,026.02","7,226.92","3,580.98","46,410.29",533.1,"2,862.42","3,316.56","23,799.38","49,896.39","1,636.52","21,637.00",408.68,919.00,419.12,187.38,2713.17,194.13,"10,095.46","5,412.35","14,180.62","5,680.78","5,125.00","1,153.98","2,330.00","7,371.00","15,958.00","1,779.26","14,146.40",:,"1,438.16",483.369,109.145,705.161,"1,073.12","1,164.52","3,401.84","25,430.31",:,663.001
2023-02,"222,673.45","6,865.58","3,743.67","6,475.46","3,135.16","42,197.63",469.9,"2,573.77","3,621.21","21,588.72","43,703.79","1,406.23","20,336.00",403.17,690.00,357.53,161.86,2638.89,173.47,"9,705.70","5,182.13","13,023.57","4,658.04","4,639.00","1,070.99","2,333.00","6,294.00","15,225.00","1,598.07","13,788.39",:,"1,224.88",413.132,88.837,672.273,954.155,936.733,"3,463.65","22,875.98",:,554.575
2023-03,"231,573.11","7,173.61","3,385.40","6,372.19","3,140.46","44,217.66",489,"2,800.16","3,534.11","23,969.66","43,201.60","1,682.37","22,047.00",349.24,850.00,433.48,217.48,2861.60,192.58,"10,586.60","5,559.89","13,580.69","3,794.56","4,517.00","1,178.77","2,423.00","7,302.00","15,713.00","1,792.50","14,306.15",:,"1,583.36",458.691,116.793,661.657,999.94,862.225,"3,682.62","24,730.98",:,609.244
2023-04,"204,351.61","6,051.83","2,795.32","5,752.49","2,759.87","37,921.21",378.6,"2,481.02","3,312.52","21,439.06","38,813.28","1,317.76","18,636.00",323.43,985.00,332.68,194.67,2833.59,190.12,"9,506.21","5,768.14","11,816.79","3,057.85","4,743.00","1,154.20","2,119.00","6,340.00","13,328.00","1,679.71","12,003.41",:,"1,237.95",255.379,60.796,581.156,"1,231.33",771.55,"3,253.69","23,033.68",:,514.151
2023-05,"200,052.80","5,657.45","2,301.65","4,752.28","2,591.61","34,276.95",406.8,"2,305.64","3,225.44","21,477.78","39,420.30","1,521.63","20,080.00",358.40,345.00,269.97,199.90,2499.78,194.44,"9,657.24","7,042.56","11,740.52","3,312.95","4,219.00","1,279.54","2,222.00","6,361.00","12,333.00","1,705.83","11,122.72",:,"1,341.76",306.16,41.518,394.91,"1,310.40",868.677,"2,751.60","24,579.91",:,493.333
2023-06,"193,193.04","6,100.04","2,760.24","4,851.52","1,861.61","32,270.17",393.5,"2,207.88","3,756.45","21,238.52","36,384.34","1,285.25","22,214.00",423.50,196.00,252.12,189.03,2583.69,198.36,"10,102.08","5,791.22","10,993.42","3,492.44","4,138.00","1,348.68","2,038.00","5,481.00","10,642.00","1,624.86","11,333.22",:,"1,208.59",267.473,13.544,474.133,"1,354.17",759.421,"2,714.77","23,501.92",:,449.761
2023-07,"205,711.09","6,626.40","3,093.93","5,250.23","2,450.18","33,831.98",285.3,"2,321.52","5,104.90","23,582.53","37,214.89","1,250.22","25,774.00",617.59,134.00,300.27,164.07,3104.77,233.94,"9,825.45","5,561.90","11,541.40","3,568.36","4,203.00","1,416.28","2,105.00","5,331.00","10,818.00","1,677.45","11,480.24",:,"1,183.92",260.47,16.529,475.491,"1,521.69",600.516,"2,878.87","29,710.27",:,478.269
2023-08,"200,036.10","5,980.74","2,964.62","5,577.11","1,961.53","31,423.34",324.3,"2,341.38","4,946.13","23,498.44","35,900.28","1,309.56","22,321.00",607.20,227.00,336.73,199.98,3046.68,228.88,"9,939.71","6,097.86","11,971.16","3,600.21","3,905.00","1,431.26","2,363.00","5,787.00","11,746.00","1,678.77","12,198.71",:,"1,216.84",240.166,10.351,491.856,"1,443.70",563.483,"2,926.34","31,813.30",:,423.12
2023-09,"194,455.84","5,191.13","2,883.82","5,354.40","2,011.84","31,861.96",356.6,"2,292.02","4,242.90","20,758.01","37,441.79","1,132.06","22,256.00",491.36,272.00,363.98,216.56,2934.94,213.26,"9,369.27","5,264.22","11,976.97","3,356.83","3,757.00","1,216.94","2,020.00","5,908.00","11,312.00","1,664.92","12,003.89",:,"1,058.80",234.988,10.793,430.168,"1,097.61",488.306,"2,599.38","26,804.34",:,416.098
2023-10,"209,995.51","5,817.76","2,526.32","6,305.31","2,725.29","37,767.06",346.9,"2,360.63","3,940.05","20,881.03","40,556.68","1,214.02","20,770.00",403.58,286.00,588.03,223.43,2911.33,173.93,"9,444.98","4,761.43","13,426.18","4,174.62","3,896.00",876.955,"2,382.00","6,897.00","14,339.00","1,706.97","13,364.54",:,"1,122.21",244.003,37.6,482.16,"1,019.22",404.389,"2,847.53","23,856.71",:,468.603
2023-11,"225,657.57","6,430.02","2,816.30","6,415.72","2,746.55","41,070.10",417.5,"2,652.87","3,562.24","21,579.96","46,043.36","1,596.42","20,469.00",367.45,500.00,400.30,210.20,2675.55,151.97,"9,510.07","6,349.58","13,746.81","4,968.77","4,242.00","1,069.82","2,591.00","7,286.00","15,788.00","1,639.01","14,283.44",:,"1,337.06",435.839,80.085,534.865,979.5,808.766,"3,405.63","22,871.84",:,:
2023-12,"239,287.56","6,685.02","3,439.24","6,622.65","3,537.25","42,743.24",487.4,"2,818.37","3,979.62","22,562.74","51,269.25","1,538.08","20,483.00",379.35,596.00,556.19,211.50,2422.06,138.39,"10,389.38","6,496.21","14,575.39","4,585.06","4,826.00","1,330.13","2,724.00","7,681.00","16,211.00","1,690.86","13,964.65",:,"1,424.67",459.715,126.124,529.439,"1,142.55","1,061.55","3,787.17","25,882.09",:,:
2024-01,"254,671.30","7,072.04","3,402.81","6,966.27","3,925.36","44,680.53",572.3,"2,877.71","4,484.38","23,353.41","55,537.91","1,518.76","21,184.10",411.88,832.00,700.76,204.99,2990.76,164.05,"11,474.01","7,240.02","14,602.63","5,277.05","5,004.00","1,383.57","2,865.00","8,602.00","17,343.00","1,681.28","15,629.12",:,"1,477.73",398.82,142.529,563.639,"1,148.25","1,049.85","3,893.70","27,120.44",:,:
2024-02,"226,108.69","6,223.53","2,949.80","5,840.29","3,461.02","39,676.17",429.418,"2,564.39","3,697.82","22,154.67","48,053.82","1,271.73","19,478.60",390.67,771.00,591.88,208.92,2565.56,165.86,"10,137.46","5,938.47","12,787.09","4,857.52","4,588.00","1,285.02","2,618.00","7,637.00","15,765.00","1,572.36","14,293.39",:,"1,299.58",381.346,130.045,573.53,997.842,790.996,"3,380.43","25,426.27",:,:
2024-03,"226,990.96","5,564.21","3,066.40","6,088.85","3,298.39","38,267.39",440.451,"2,710.63","3,731.90","22,427.75","47,874.77","1,457.16","20,750.00",361.15,948.00,533.44,219.98,2740.20,174.16,"10,530.69","6,099.19","13,379.80","5,817.29","4,503.00","1,380.16","2,575.00","6,299.00","15,752.00","1,663.28","14,485.45",:,"1,276.86",403.059,130.054,431.634,"1,104.49",783.613,"3,375.25","25,429.33",:,:
2024-04,"208,142.10","5,698.45","2,992.96","5,064.50","2,841.47","36,134.15",384.062,"2,374.41","3,725.22","21,070.26","41,613.45","1,109.24","20,545.10",342.76,786.00,523.96,235.87,3032.02,141.06,"9,804.66","6,389.75","12,159.43","4,674.05","3,718.00",885.291,"2,202.00","5,991.00","13,703.00","1,583.10","12,465.66",:,949.918,175.912,46.583,373.297,"1,068.82",665.817,"2,757.88","23,206.18",:,:
2024-05,"203,074.70","5,468.12","2,410.66","4,886.76","2,467.35","33,777.89",486.359,"2,248.52","3,836.11","21,339.59","42,392.83","1,001.04","21,372.00",379.74,495.00,418.33,240.11,2993.06,167.51,"8,954.19","6,818.21","11,843.99","3,846.98","3,387.00","1,322.37","1,952.00","5,576.00","12,993.00","1,617.43","11,752.63",:,"1,012.00",95.574,47.076,356.634,"1,395.48",711.162,"2,475.45","25,534.60",:,:
2024-06,"200,636.50","5,784.01","2,297.62","4,898.72","2,285.23","33,536.07",442.815,"2,019.23","4,810.06","21,503.44","39,868.69",942.515,"22,894.00",573.86,239.00,360.98,237.79,3082.63,191.14,"9,012.50","6,887.27","11,457.14","3,106.73","3,681.00","1,517.08","1,880.00","5,631.00","11,496.00","1,577.13","11,282.13",:,953.051,168.592,16.897,415.849,"1,495.96",510.722,"2,482.23","27,193.96",:,:
2024-07,"215,317.57","5,969.49","3,242.07","5,290.62","2,248.48","34,089.88",398.139,"2,146.34","5,824.53","24,219.50","41,734.90","1,202.57","26,970.00",663.58,291.00,408.10,249.39,3345.12,219.44,"9,449.21","6,942.19","11,977.86","3,432.34","3,970.00","1,401.82","2,041.00","6,039.00","11,551.00","1,622.91","11,094.78",:,"1,195.21",222.529,16.966,460.884,"1,509.30",581.226,"2,465.03","32,519.19",:,:
2024-08,"207,862.08","5,996.51","3,136.52","5,388.39","2,199.22","33,608.76",357.3,"2,210.90","5,062.10","23,350.64","40,089.45","1,134.12","23,618.00",629.21,316.00,407.37,249.19,3096.42,239.34,"9,670.39","5,598.07","12,541.91","3,413.98","3,634.00","1,261.29","2,082.00","5,680.00","12,891.00","1,635.61","11,104.05",:,"1,152.35",235.165,16.506,456.08,"1,351.47",570.756,"2,452.07","31,968.45",:,464.152
2024-09,"201,885.23","5,017.20","2,929.04","5,622.19","2,176.20","34,415.17",428.4,"2,286.85","3,783.60","21,610.83","39,821.06","1,034.26","22,227.00",506.14,292.00,450.85,248.28,2737.78,170.31,"9,252.51","5,853.40","12,642.01","3,367.43","3,664.00","1,300.72","2,182.00","5,657.00","12,209.00","1,615.12","11,578.52",:,967.482,221.918,19.377,370.894,"1,102.08",490.249,"2,390.03","26,631.23",:,398.167
2024-10,"212,998.48","5,043.63","2,680.22","5,780.47","2,858.01","35,205.40",416.34,"2,597.12","3,752.99","21,601.09","43,373.33","1,315.35","21,479.00",429.65,219.00,518.65,229.19,2970.16,167.23,"9,531.14","6,884.95","13,181.24","4,079.29","3,771.00","1,515.01","2,389.00","6,956.00","14,054.00","1,658.16","12,878.21",:,"1,067.71",358.669,55.45,328.877,938.986,532.954,"3,106.88","26,016.39",:,:
2024-11,"224,878.25","5,607.28","2,726.15","6,394.23","2,891.14","38,020.56",382.498,"2,732.08","4,478.84","20,542.61","47,993.16","1,264.18","21,466.00",381.37,347.00,620.89,232.84,3105.26,164.82,"11,247.60","5,934.70","14,021.82","4,100.20","3,866.00","1,342.02","2,309.00","7,242.00","15,464.00",:,"14,743.25",:,"1,326.27",370.711,125.239,510.061,912.619,600.827,"3,195.39","26,540.41",:,:
2024-12,:,:,:,:,"3,370.69",:,:,"2,799.78","4,596.46",:,:,"1,509.09","21,516.00",:,370.00,:,:,:,156.74,:,"5,966.27",:,:,:,:,:,:,"16,618.00",:,"15,846.49",:,:,:,:,:,:,"1,008.57",:,"28,691.02",:,:
